{"cameraMode":{"drawMode":0,"name":"Shaded","section":"Shading Mode"},"sceneLighting":false,"audioPlay":false,"sceneViewState":{"showFog":true,"showMaterialUpdate":false,"showSkybox":false,"showFlares":true,"showImageEffects":true,"showParticleSystems":true},"in2DMode":false,"pivot":{"x":-7.484448432922363,"y":-4.450043678283691,"z":-9.317083358764649},"rotation":{"x":-0.15675008296966554,"y":0.6280707120895386,"z":-0.1311195343732834,"w":-0.7508423924446106},"size":18.121667861938478,"orthographic":false}