{"cameraMode":{"drawMode":0,"name":"Shaded","section":"Shading Mode"},"sceneLighting":true,"audioPlay":false,"sceneViewState":{"showFog":true,"showMaterialUpdate":true,"showSkybox":true,"showFlares":true,"showImageEffects":true,"showParticleSystems":true},"in2DMode":false,"pivot":{"x":2.77714467048645,"y":-7.668428421020508,"z":12.409452438354493},"rotation":{"x":-0.13489724695682527,"y":0.0005921329720877111,"z":-0.00008045974391279742,"w":-0.9908594489097595},"size":34.47002410888672,"orthographic":false}