{"cameraMode":{"drawMode":0,"name":"Shaded","section":"Shading Mode"},"sceneLighting":true,"audioPlay":false,"sceneViewState":{"showFog":true,"showMaterialUpdate":false,"showSkybox":true,"showFlares":true,"showImageEffects":true,"showParticleSystems":true},"in2DMode":false,"pivot":{"x":-24.963951110839845,"y":-38.874420166015628,"z":183.26161193847657},"rotation":{"x":0.3844474256038666,"y":-0.3211840093135834,"z":0.1447095423936844,"w":0.8532878756523132},"size":62.69758605957031,"orthographic":false}