{"cameraMode":{"drawMode":0,"name":"Shaded","section":"Shading Mode"},"sceneLighting":false,"audioPlay":false,"sceneViewState":{"showFog":true,"showMaterialUpdate":false,"showSkybox":false,"showFlares":true,"showImageEffects":true,"showParticleSystems":true},"in2DMode":false,"pivot":{"x":0.0,"y":0.24746719002723695,"z":-2.9802322387695315e-8},"rotation":{"x":-0.033021364361047748,"y":-0.947321891784668,"z":0.30116814374923708,"w":-0.10386879742145539},"size":1.7231379747390748,"orthographic":false}