{"cameraMode":{"drawMode":0,"name":"Shaded","section":"Shading Mode"},"sceneLighting":false,"audioPlay":false,"sceneViewState":{"showFog":true,"showMaterialUpdate":false,"showSkybox":false,"showFlares":true,"showImageEffects":true,"showParticleSystems":true},"in2DMode":false,"pivot":{"x":1.0033844709396363,"y":-1.2532200813293458,"z":-30.270000457763673},"rotation":{"x":-0.152309387922287,"y":0.7573265433311462,"z":-0.190403014421463,"w":-0.6058093905448914},"size":51.38701248168945,"orthographic":false}