{"cameraMode":{"drawMode":0,"name":"Shaded","section":"Shading Mode"},"sceneLighting":false,"audioPlay":false,"sceneViewState":{"showFog":true,"showMaterialUpdate":false,"showSkybox":false,"showFlares":true,"showImageEffects":true,"showParticleSystems":true},"in2DMode":false,"pivot":{"x":1.0033844709396363,"y":-1.4532201290130616,"z":-30.270000457763673},"rotation":{"x":-0.2146390676498413,"y":0.6809366345405579,"z":-0.21985937654972077,"w":-0.6647685170173645},"size":51.339637756347659,"orthographic":false}